Date,Close/Last,Volume,Open,High,Low
07/19/2023,$34.57,514572,$35.25,$35.4199,$34.27
07/18/2023,$34.99,693763,$34.70,$35.17,$34.575
07/17/2023,$34.70,1189815,$34.40,$35.70,$34.40
07/14/2023,$34.60,993906,$34.60,$34.67,$34.1301
07/13/2023,$34.49,625839,$34.09,$34.77,$33.83
07/12/2023,$33.92,726123,$34.87,$34.87,$33.815
07/11/2023,$34.29,692147,$33.92,$34.42,$33.34
07/10/2023,$33.98,1147958,$33.10,$34.12,$32.73
07/07/2023,$33.32,1278059,$34.41,$34.84,$33.01
07/06/2023,$34.54,889749,$34.80,$34.94,$33.82
07/05/2023,$35.15,1420480,$35.10,$35.55,$34.80
07/03/2023,$35.20,604524,$35.66,$35.94,$34.91
06/30/2023,$35.66,1193991,$36.01,$36.045,$35.00
06/29/2023,$35.93,774203,$36.86,$37.15,$35.815
06/28/2023,$36.92,1010400,$36.26,$37.37,$35.49
06/27/2023,$36.08,1307129,$35.50,$36.49,$34.82
06/26/2023,$35.18,634598,$35.15,$35.42,$34.91
06/23/2023,$35.24,992015,$35.21,$35.72,$34.95
06/22/2023,$35.55,476544,$35.58,$35.96,$35.00
06/21/2023,$35.53,775857,$35.48,$35.90,$34.835
06/20/2023,$35.77,1107800,$35.09,$35.98,$34.76
06/16/2023,$35.40,2421367,$36.60,$36.619,$35.22
06/15/2023,$35.74,746968,$35.15,$35.82,$34.53
06/14/2023,$35.34,959598,$35.21,$35.58,$34.76
06/13/2023,$35.25,656210,$35.51,$35.93,$35.16
06/12/2023,$35.38,662545,$35.71,$35.78,$34.89
06/09/2023,$35.32,491747,$35.82,$36.02,$35.08
06/08/2023,$35.70,601559,$36.38,$36.78,$35.56
06/07/2023,$36.46,695499,$36.19,$36.75,$35.38
06/06/2023,$36.12,670118,$35.14,$36.3419,$34.95
06/05/2023,$35.00,710266,$35.49,$36.17,$34.97
06/02/2023,$36.05,942438,$35.49,$36.07,$34.56
06/01/2023,$34.67,1026447,$34.55,$35.20,$33.25
05/31/2023,$34.41,1859325,$32.98,$34.91,$32.91
05/30/2023,$32.78,725241,$33.50,$34.3827,$32.30
05/26/2023,$33.60,794226,$33.56,$33.893,$32.97
05/25/2023,$33.57,1019758,$35.51,$35.61,$33.15
05/24/2023,$35.57,898152,$35.96,$36.06,$35.21
05/23/2023,$36.28,902700,$36.65,$38.55,$36.27
05/22/2023,$36.52,674230,$36.37,$37.10,$36.31
05/19/2023,$36.27,636659,$36.95,$37.18,$36.18
05/18/2023,$36.28,923211,$36.97,$36.97,$35.49
05/17/2023,$37.10,952803,$37.82,$37.82,$36.69
05/16/2023,$37.64,996716,$39.36,$39.38,$37.41
05/15/2023,$39.89,905904,$39.37,$40.89,$39.02
05/12/2023,$39.32,981967,$39.05,$39.44,$38.05
05/11/2023,$40.08,664893,$40.45,$40.54,$39.50
05/10/2023,$40.49,702068,$41.28,$41.28,$39.46
05/09/2023,$40.47,657348,$39.97,$41.00,$39.23
05/08/2023,$40.45,779810,$41.33,$41.36,$39.56
05/05/2023,$41.38,1526245,$40.70,$42.48,$40.475
05/04/2023,$40.05,1502731,$40.22,$40.46,$38.45
05/03/2023,$40.20,2543004,$37.49,$40.70,$36.93
05/02/2023,$35.38,1173838,$35.46,$36.00,$34.58
05/01/2023,$35.72,830322,$35.00,$35.90,$34.49
04/28/2023,$35.41,1100417,$34.79,$36.02,$33.66
04/27/2023,$34.96,1476511,$36.00,$36.08,$34.905
04/26/2023,$35.52,1706122,$34.47,$35.78,$33.11
04/25/2023,$33.58,3632780,$35.02,$36.02,$33.44
04/24/2023,$30.02,630642,$30.70,$31.19,$29.8342
04/21/2023,$30.87,708047,$30.17,$30.90,$30.0474
04/20/2023,$29.92,654900,$30.00,$30.35,$29.66
04/19/2023,$30.46,532261,$30.38,$30.88,$30.16
04/18/2023,$30.40,680111,$31.64,$31.64,$30.095
04/17/2023,$31.34,1051818,$30.87,$31.85,$30.65
04/14/2023,$30.46,966102,$30.47,$31.419,$29.965
04/13/2023,$30.50,1385931,$28.78,$31.41,$28.78
04/12/2023,$28.56,2184318,$27.805,$29.74,$27.43
04/11/2023,$26.23,720107,$25.69,$26.37,$25.69
04/10/2023,$25.51,671206,$26.00,$26.00,$25.225
04/06/2023,$26.17,758223,$25.33,$26.475,$24.92
04/05/2023,$25.27,721005,$25.09,$25.535,$24.77
04/04/2023,$25.16,826654,$25.73,$25.75,$24.64
04/03/2023,$25.56,856603,$25.38,$25.86,$25.1203
03/31/2023,$25.40,1184459,$24.59,$25.5595,$24.43
03/30/2023,$24.43,697216,$24.88,$24.94,$24.05
03/29/2023,$24.74,754405,$24.52,$24.78,$24.1368
03/28/2023,$24.26,697911,$24.25,$24.59,$24.12
03/27/2023,$24.43,1046822,$24.34,$24.81,$24.09
03/24/2023,$24.29,846757,$23.95,$24.33,$23.09
03/23/2023,$23.68,958823,$23.97,$24.40,$23.50
03/22/2023,$23.72,1068000,$24.54,$24.885,$23.68
03/21/2023,$24.60,969805,$25.10,$25.495,$24.56
03/20/2023,$25.06,1423870,$24.39,$25.87,$24.33
03/17/2023,$24.30,2395062,$24.34,$24.39,$23.09
03/16/2023,$24.44,2229306,$25.12,$25.255,$24.19
03/15/2023,$25.32,2017871,$26.755,$26.755,$24.75
03/14/2023,$26.56,1388470,$26.99,$27.87,$26.25
03/13/2023,$26.42,2752767,$26.04,$26.93,$25.70
03/10/2023,$26.31,2064651,$27.59,$27.68,$25.54
03/09/2023,$27.73,1750829,$29.68,$29.90,$27.60
03/08/2023,$29.66,1175130,$30.50,$30.695,$29.20
03/07/2023,$30.50,940560,$30.62,$31.07,$30.22
03/06/2023,$30.79,1288126,$32.44,$32.675,$30.33
03/03/2023,$32.35,1172788,$32.57,$33.15,$32.16
03/02/2023,$32.43,1083958,$32.28,$32.84,$31.51
03/01/2023,$32.66,1125981,$32.45,$32.84,$32.40
02/28/2023,$32.30,924569,$32.45,$33.12,$32.28
02/27/2023,$32.60,682319,$33.05,$33.17,$32.34
02/24/2023,$32.63,866001,$32.10,$32.85,$32.10
02/23/2023,$32.75,666025,$32.90,$33.0737,$32.5175
02/22/2023,$32.85,772464,$31.83,$32.95,$31.775
02/21/2023,$31.77,897529,$33.00,$33.28,$31.29
02/17/2023,$33.75,587198,$33.07,$33.86,$32.50
02/16/2023,$32.97,615996,$33.36,$33.80,$32.94
02/15/2023,$34.05,669351,$33.23,$34.08,$32.7629
02/14/2023,$33.67,905358,$34.48,$35.15,$33.455
02/13/2023,$34.60,688031,$33.24,$34.745,$32.78
02/10/2023,$33.12,814775,$32.99,$33.42,$32.4784
02/09/2023,$33.16,737281,$32.98,$34.075,$32.495
02/08/2023,$32.58,817030,$33.32,$33.92,$32.37
02/07/2023,$33.62,1529615,$33.54,$34.24,$32.06
02/06/2023,$33.51,1650356,$35.37,$35.99,$32.23
02/03/2023,$36.74,615348,$36.36,$37.71,$36.23
02/02/2023,$37.01,726084,$35.75,$37.01,$35.47
02/01/2023,$35.29,768064,$34.85,$35.875,$34.27
01/31/2023,$34.99,854513,$33.51,$35.03,$33.51
01/30/2023,$33.28,807921,$33.20,$33.80,$32.885
01/27/2023,$33.61,427156,$33.29,$34.08,$33.2101
01/26/2023,$33.28,598542,$33.24,$33.76,$32.60
01/25/2023,$32.97,756178,$33.44,$33.82,$32.22
01/24/2023,$33.92,799745,$32.53,$34.15,$32.23
01/23/2023,$32.70,1232755,$33.66,$33.69,$32.28
01/20/2023,$33.76,843790,$34.48,$34.50,$33.14
01/19/2023,$33.93,907829,$35.84,$36.13,$33.90
01/18/2023,$35.99,827960,$37.11,$37.66,$35.64
01/17/2023,$36.91,937663,$36.81,$37.67,$36.17
01/13/2023,$36.82,1037582,$35.99,$37.95,$35.62
01/12/2023,$36.15,938269,$34.36,$36.17,$33.7501
01/11/2023,$34.42,1657748,$33.07,$35.42,$32.4712
01/10/2023,$33.03,1850057,$30.27,$33.05,$29.84
01/09/2023,$30.28,3497428,$30.05,$31.00,$28.52
01/06/2023,$37.38,946399,$37.47,$38.32,$35.58
01/05/2023,$37.09,903384,$37.50,$38.05,$36.77
01/04/2023,$38.08,1075169,$38.80,$38.955,$37.84
01/03/2023,$38.51,1403074,$40.80,$41.03,$36.96
12/30/2022,$40.56,788203,$39.77,$40.62,$39.61
12/29/2022,$40.12,1047887,$38.08,$40.41,$37.59
12/28/2022,$37.56,563198,$38.31,$38.98,$37.18
12/27/2022,$38.12,706070,$38.51,$39.00,$37.90
12/23/2022,$38.30,776768,$38.24,$38.78,$37.1743
12/22/2022,$38.21,1239780,$36.64,$38.25,$36.34
12/21/2022,$37.10,1719784,$33.29,$37.235,$33.05
12/20/2022,$32.94,848655,$31.00,$33.36,$30.98
12/19/2022,$31.07,815726,$31.79,$31.99,$30.01
12/16/2022,$31.77,2446416,$31.00,$32.10,$30.86
12/15/2022,$31.44,665006,$32.34,$32.575,$31.22
12/14/2022,$32.85,606725,$32.79,$33.44,$32.35
12/13/2022,$32.85,782258,$32.88,$33.52,$31.81
12/12/2022,$31.85,759846,$30.39,$31.94,$30.12
12/09/2022,$30.24,771350,$31.34,$31.3499,$30.18
12/08/2022,$31.56,618433,$33.14,$33.34,$31.38
12/07/2022,$32.86,647765,$32.15,$33.06,$31.86
12/06/2022,$32.01,777111,$31.74,$32.11,$31.3201
12/05/2022,$31.82,888081,$33.71,$33.71,$31.19
12/02/2022,$33.93,878802,$31.97,$34.18,$31.37
12/01/2022,$32.02,772669,$32.31,$33.29,$31.80
11/30/2022,$32.20,1568241,$30.62,$32.24,$30.03
11/29/2022,$29.99,1775843,$28.00,$31.70,$27.75
11/28/2022,$28.00,997567,$29.30,$29.69,$28.00
11/25/2022,$29.50,507121,$29.29,$29.81,$29.12
11/23/2022,$29.40,605083,$29.55,$29.95,$29.07
11/22/2022,$29.55,1091342,$30.10,$30.10,$28.81
11/21/2022,$29.84,601198,$30.55,$30.6991,$29.57
11/18/2022,$30.72,574710,$31.26,$31.26,$30.54
11/17/2022,$30.57,728496,$31.05,$31.34,$30.14
11/16/2022,$31.67,896229,$33.60,$33.76,$31.355
11/15/2022,$33.66,962495,$34.37,$34.77,$32.95
11/14/2022,$33.07,861524,$34.30,$34.62,$33.01
11/11/2022,$34.49,1138187,$34.75,$35.495,$33.64
11/10/2022,$34.73,1553404,$32.30,$35.11,$32.00
11/09/2022,$30.46,1607380,$33.10,$33.39,$29.4301
11/08/2022,$33.30,2012863,$34.65,$35.71,$32.94
11/07/2022,$34.31,987575,$34.27,$35.71,$34.22
11/04/2022,$33.96,848835,$34.46,$35.565,$33.29
11/03/2022,$34.16,456439,$34.05,$35.15,$33.63
11/02/2022,$34.61,848001,$35.45,$37.07,$34.56
11/01/2022,$35.52,521005,$35.58,$36.19,$35.08
10/31/2022,$34.81,726669,$35.38,$35.505,$34.21
10/28/2022,$35.87,717501,$33.33,$35.95,$33.03
10/27/2022,$33.19,685754,$33.00,$33.77,$32.65
10/26/2022,$32.76,580982,$32.52,$33.70,$32.18
10/25/2022,$32.56,649125,$31.49,$32.8957,$31.49
10/24/2022,$31.32,789277,$33.29,$33.53,$30.12
10/21/2022,$33.39,599156,$32.64,$33.51,$31.8546
10/20/2022,$32.61,605501,$32.28,$33.43,$32.2113
10/19/2022,$32.38,1000126,$34.40,$34.58,$31.88
10/18/2022,$35.09,775438,$34.79,$35.09,$33.51
10/17/2022,$33.99,802529,$32.74,$34.26,$32.60
10/14/2022,$32.02,585409,$32.78,$33.07,$31.83
10/13/2022,$32.32,746767,$30.75,$32.73,$30.39
10/12/2022,$32.00,622426,$31.42,$32.07,$30.75
10/11/2022,$31.25,719447,$30.54,$31.98,$30.02
10/10/2022,$30.49,585751,$31.53,$31.74,$30.3475
10/07/2022,$31.62,703088,$33.18,$33.2178,$31.52
10/06/2022,$33.57,703524,$34.42,$34.78,$33.18
10/05/2022,$34.46,720852,$34.10,$34.75,$33.60
10/04/2022,$34.91,969800,$34.31,$35.24,$34.21
10/03/2022,$33.74,821805,$33.34,$35.16,$32.74
09/30/2022,$33.05,972212,$33.20,$35.12,$32.99
09/29/2022,$33.28,898033,$33.49,$33.735,$32.43
09/28/2022,$33.96,1091793,$31.86,$34.175,$31.85
09/27/2022,$31.20,1049723,$30.30,$31.34,$30.04
09/26/2022,$29.63,798386,$30.86,$31.88,$29.60
09/23/2022,$30.93,841884,$31.10,$31.56,$30.345
09/22/2022,$31.50,637617,$32.16,$32.45,$31.21
09/21/2022,$32.48,689964,$34.01,$34.10,$32.42
09/20/2022,$33.84,772220,$34.05,$34.33,$32.91
09/19/2022,$34.30,781039,$34.31,$34.52,$33.22
09/16/2022,$34.59,1907908,$35.10,$35.10,$33.59
09/15/2022,$35.13,647810,$35.18,$35.68,$34.44
09/14/2022,$35.27,899961,$36.10,$36.10,$34.40
09/13/2022,$35.90,1285966,$38.21,$38.35,$35.61
09/12/2022,$39.60,733234,$38.57,$39.8899,$38.09
09/09/2022,$38.57,638818,$38.65,$39.00,$38.11
09/08/2022,$39.17,696349,$38.37,$39.6899,$38.19
09/07/2022,$39.17,837428,$37.42,$39.275,$37.42
09/06/2022,$37.22,631698,$39.38,$39.56,$37.06
09/02/2022,$39.42,802623,$41.52,$41.52,$39.00
09/01/2022,$41.29,644678,$39.15,$41.34,$38.50
08/31/2022,$39.71,967171,$38.91,$40.15,$38.37
08/30/2022,$38.24,559487,$39.87,$40.20,$37.42
08/29/2022,$39.22,425933,$39.08,$40.53,$38.90
08/26/2022,$40.06,611272,$42.62,$42.6799,$39.96
08/25/2022,$42.61,520005,$43.22,$43.6466,$41.94
08/24/2022,$42.75,962402,$41.35,$43.12,$40.98
08/23/2022,$41.22,1056507,$41.20,$41.89,$40.2102
08/22/2022,$41.11,905300,$41.88,$42.94,$40.77
08/19/2022,$42.61,562228,$43.33,$44.035,$42.14
08/18/2022,$44.01,691163,$45.61,$46.115,$43.02
08/17/2022,$45.88,464422,$46.83,$47.13,$45.71
08/16/2022,$47.63,468726,$48.00,$48.17,$46.75
08/15/2022,$48.31,518618,$47.02,$48.48,$46.50
08/12/2022,$47.29,604039,$46.16,$47.90,$46.06
08/11/2022,$45.63,571493,$46.96,$48.08,$45.17
08/10/2022,$46.96,575099,$46.46,$47.02,$45.7501
08/09/2022,$45.45,834781,$45.85,$46.84,$44.90
08/08/2022,$47.02,1075009,$46.52,$47.64,$45.275
08/05/2022,$45.96,1230544,$44.41,$46.40,$43.61
08/04/2022,$46.13,980174,$44.38,$46.54,$44.34
08/03/2022,$44.36,1154324,$44.00,$45.32,$43.46
08/02/2022,$42.02,475242,$41.34,$43.20,$41.34
08/01/2022,$41.77,620629,$41.68,$43.48,$41.3747
07/29/2022,$42.53,536202,$43.34,$43.34,$41.93
07/28/2022,$43.76,649560,$44.27,$44.46,$41.545
07/27/2022,$44.31,767663,$42.16,$44.60,$41.58
07/26/2022,$41.84,535232,$41.54,$42.80,$40.77
07/25/2022,$41.69,715343,$42.61,$42.80,$40.69
07/22/2022,$42.67,721791,$44.64,$44.93,$42.42
07/21/2022,$44.39,458784,$44.06,$44.88,$43.86
07/20/2022,$44.14,809534,$42.92,$45.13,$42.92
07/19/2022,$42.67,696573,$42.08,$43.38,$40.84
07/18/2022,$41.27,709153,$43.14,$43.96,$40.86
07/15/2022,$42.80,731152,$42.65,$42.87,$41.16
07/14/2022,$41.66,655407,$42.18,$42.61,$41.19
07/13/2022,$42.88,689565,$40.34,$43.6799,$39.57
07/12/2022,$41.50,608602,$40.52,$41.86,$38.87
07/11/2022,$40.30,741196,$41.19,$43.00,$39.62
07/08/2022,$41.73,599334,$41.43,$42.14,$40.90
07/07/2022,$42.17,1168161,$40.00,$43.45,$39.57
07/06/2022,$39.99,1008562,$39.22,$40.71,$38.88
07/05/2022,$39.16,936415,$35.90,$39.20,$35.51
07/01/2022,$35.96,731753,$35.40,$36.6499,$34.81
06/30/2022,$35.21,963245,$33.85,$35.78,$33.00
06/29/2022,$34.56,877562,$32.43,$34.795,$31.45
06/28/2022,$32.47,737086,$33.74,$34.3299,$32.095
06/27/2022,$33.72,782297,$34.65,$35.00,$32.89
06/24/2022,$34.46,1842857,$35.00,$35.11,$32.87
06/23/2022,$34.26,909714,$31.75,$34.30,$31.68
06/22/2022,$31.57,769348,$29.80,$32.34,$29.77
06/21/2022,$30.59,943906,$29.73,$31.27,$29.61
06/17/2022,$29.12,2432883,$28.37,$30.5116,$28.37
06/16/2022,$27.79,1084778,$27.92,$28.56,$27.02
06/15/2022,$29.19,1033772,$28.17,$29.48,$27.62
06/14/2022,$27.89,1039942,$28.40,$28.60,$26.81
06/13/2022,$28.28,876946,$29.27,$29.77,$27.83
06/10/2022,$30.52,803913,$31.79,$31.88,$29.69
06/09/2022,$32.49,657277,$33.50,$33.81,$32.44
06/08/2022,$34.00,621827,$34.63,$35.70,$33.80
06/07/2022,$34.89,765206,$32.39,$35.12,$32.39
06/06/2022,$32.96,624333,$35.73,$35.73,$32.605
06/03/2022,$34.86,655283,$33.97,$35.009,$33.45
06/02/2022,$33.76,520941,$33.17,$33.92,$32.44
06/01/2022,$33.05,791032,$33.85,$34.34,$31.85
05/31/2022,$33.36,761246,$34.14,$34.51,$32.69
05/27/2022,$34.20,753705,$33.57,$34.25,$32.50
05/26/2022,$33.33,768053,$33.38,$34.84,$33.32
05/25/2022,$33.97,529515,$33.52,$34.27,$32.78
05/24/2022,$33.80,782878,$35.29,$35.51,$33.48
05/23/2022,$36.05,577703,$36.45,$36.88,$35.49
05/20/2022,$36.21,735591,$36.01,$36.6399,$33.90
05/19/2022,$35.15,881058,$34.07,$35.7993,$33.80
05/18/2022,$34.20,1328134,$35.08,$36.14,$34.08
05/17/2022,$35.77,1236177,$33.97,$35.77,$33.5823
05/16/2022,$32.88,1137082,$31.52,$34.19,$31.00
05/13/2022,$31.64,1288206,$31.03,$33.21,$30.74
05/12/2022,$30.31,1480106,$28.45,$31.28,$27.87
05/11/2022,$28.95,1956604,$35.30,$35.50,$28.53
05/10/2022,$34.29,1418888,$34.72,$35.47,$33.36
05/09/2022,$32.72,1599661,$35.82,$36.52,$32.24
05/06/2022,$36.92,1088273,$39.39,$39.49,$36.48
05/05/2022,$40.24,696627,$42.59,$42.69,$39.14
05/04/2022,$43.01,808499,$42.99,$43.23,$40.11
05/03/2022,$42.65,578192,$42.91,$44.60,$41.99
05/02/2022,$43.05,706830,$41.09,$43.125,$40.76
04/29/2022,$41.11,548749,$42.07,$43.43,$40.83
04/28/2022,$42.31,547786,$42.23,$42.59,$39.66
04/27/2022,$41.61,839893,$40.98,$42.465,$40.395
04/26/2022,$40.91,838138,$43.18,$43.89,$40.875
04/25/2022,$43.91,448129,$42.31,$44.04,$42.08
04/22/2022,$42.66,578865,$42.74,$43.43,$42.01
04/21/2022,$42.74,609529,$46.49,$47.20,$42.50
04/20/2022,$45.76,531317,$46.00,$46.20,$44.37
04/19/2022,$45.49,501982,$44.44,$46.10,$43.93
04/18/2022,$44.33,758445,$46.67,$46.67,$43.95
04/14/2022,$46.87,521805,$48.89,$49.345,$46.78
04/13/2022,$49.24,699095,$46.99,$49.50,$46.60
04/12/2022,$46.84,666609,$47.54,$48.73,$46.08
04/11/2022,$46.79,555778,$47.50,$48.50,$46.27
04/08/2022,$48.25,627029,$49.14,$50.01,$48.20
04/07/2022,$49.01,633539,$47.89,$49.41,$47.86
04/06/2022,$48.14,601303,$47.49,$49.00,$46.84
04/05/2022,$48.40,729526,$50.48,$51.11,$48.15
04/04/2022,$50.61,710903,$49.22,$50.77,$48.42
04/01/2022,$49.20,1032427,$46.16,$50.42,$46.16
03/31/2022,$45.99,711527,$45.80,$47.11,$45.76
03/30/2022,$45.59,703170,$46.41,$48.31,$45.34
03/29/2022,$46.72,650423,$45.67,$46.96,$45.4898
03/28/2022,$44.78,569473,$44.26,$46.27,$42.9001
03/25/2022,$44.11,1247160,$45.36,$45.88,$43.435
03/24/2022,$47.11,849531,$45.99,$47.13,$45.60
03/23/2022,$45.58,528446,$47.37,$47.5299,$45.43
03/22/2022,$47.53,695919,$45.95,$48.015,$45.37
03/21/2022,$45.40,470095,$46.81,$46.88,$45.00
03/18/2022,$47.38,2023669,$47.00,$48.76,$46.865
03/17/2022,$46.69,770182,$43.37,$46.95,$43.00
03/16/2022,$43.72,711503,$41.70,$43.78,$41.25
03/15/2022,$40.72,663139,$40.37,$41.44,$39.7101
03/14/2022,$39.62,818157,$41.64,$42.94,$38.89
03/11/2022,$41.78,410854,$44.00,$44.52,$41.675
03/10/2022,$43.32,345159,$43.45,$44.32,$42.53
03/09/2022,$44.58,507083,$42.45,$44.98,$42.3063
03/08/2022,$41.33,558912,$41.74,$43.43,$40.70
03/07/2022,$41.98,527324,$42.81,$43.60,$41.80
03/04/2022,$42.92,408946,$42.96,$44.48,$42.57
03/03/2022,$43.62,780755,$45.80,$46.805,$43.02
03/02/2022,$45.54,586457,$44.60,$45.88,$43.695
03/01/2022,$44.31,719830,$43.87,$45.58,$43.36
02/28/2022,$44.00,799086,$43.64,$45.75,$42.64
02/25/2022,$43.99,632431,$44.02,$44.445,$42.70
02/24/2022,$43.72,1211878,$39.67,$43.78,$39.42
02/23/2022,$41.53,916443,$43.44,$43.97,$41.50
02/22/2022,$43.12,725908,$43.78,$45.21,$43.06
02/18/2022,$44.25,844393,$45.14,$46.09,$43.96
02/17/2022,$45.18,1087081,$48.246,$48.85,$44.79
02/16/2022,$49.27,543052,$50.04,$50.04,$48.08
02/15/2022,$50.22,560512,$50.60,$51.31,$49.81
02/14/2022,$49.80,476653,$50.69,$51.75,$49.585
02/11/2022,$50.65,868800,$53.433,$54.12,$50.45
02/10/2022,$53.22,687001,$52.54,$56.25,$52.22
02/09/2022,$54.66,556761,$53.02,$54.71,$53.02
02/08/2022,$52.14,580943,$51.57,$52.76,$50.6826
02/07/2022,$52.10,943221,$49.68,$52.85,$49.62
02/04/2022,$49.75,697724,$49.20,$50.89,$48.89
02/03/2022,$48.99,1128422,$48.326,$50.44,$47.50
02/02/2022,$52.63,606326,$54.92,$55.0576,$51.99
02/01/2022,$55.10,654788,$53.15,$55.47,$51.53
01/31/2022,$52.76,1048040,$48.24,$52.81,$47.80
01/28/2022,$50.09,729853,$48.60,$50.10,$46.6801
01/27/2022,$48.20,585811,$51.20,$51.56,$48.07
01/26/2022,$50.53,843513,$52.07,$54.38,$50.26
01/25/2022,$50.99,667627,$51.74,$52.52,$49.34
01/24/2022,$52.79,1130596,$49.31,$53.32,$47.2919
01/21/2022,$50.84,766431,$51.62,$53.49,$50.82
01/20/2022,$52.51,884255,$54.30,$55.59,$52.35
01/19/2022,$53.79,596548,$55.64,$56.00,$53.64
01/18/2022,$54.13,588221,$56.39,$56.4699,$54.02
01/14/2022,$57.81,593920,$56.85,$58.96,$55.2777
01/13/2022,$57.58,510516,$58.39,$58.94,$57.3301
01/12/2022,$58.22,597555,$60.54,$61.2484,$58.16
01/11/2022,$60.22,560964,$59.62,$60.69,$58.12
01/10/2022,$59.53,539846,$58.22,$59.68,$57.05
01/07/2022,$58.95,560761,$60.48,$62.25,$58.79
01/06/2022,$60.90,608538,$60.28,$62.09,$58.03
01/05/2022,$60.18,1068739,$64.35,$65.64,$59.945
01/04/2022,$65.04,867696,$68.61,$69.83,$64.245
01/03/2022,$69.97,674385,$66.25,$70.09,$63.72
12/31/2021,$66.30,476352,$67.05,$68.94,$65.51
12/30/2021,$67.35,463044,$67.50,$69.23,$66.83
12/29/2021,$66.77,340228,$66.10,$67.00,$65.12
12/28/2021,$66.06,349577,$66.50,$68.50,$65.94
12/27/2021,$66.30,621865,$70.01,$70.24,$66.14
12/23/2021,$70.25,515939,$70.00,$71.00,$69.07
12/22/2021,$69.82,432639,$70.00,$70.15,$68.26
12/21/2021,$70.10,424763,$71.00,$71.15,$69.29
12/20/2021,$70.53,714938,$68.91,$71.10,$67.83
12/17/2021,$69.66,1648104,$65.01,$70.14,$65.01
12/16/2021,$65.16,1062303,$70.66,$70.70,$65.01
12/15/2021,$70.35,750124,$67.98,$70.39,$65.64
12/14/2021,$68.45,611070,$69.54,$71.43,$67.41
12/13/2021,$71.48,596053,$70.29,$72.83,$69.50
12/10/2021,$70.07,514991,$70.594,$73.03,$69.28
12/09/2021,$70.83,507885,$73.27,$74.50,$70.74
12/08/2021,$73.96,660840,$72.32,$74.77,$71.05
12/07/2021,$71.67,796630,$67.63,$72.82,$67.34
12/06/2021,$65.83,775070,$67.26,$67.50,$63.45
12/03/2021,$67.50,715654,$70.17,$70.4087,$66.77
12/02/2021,$69.69,547035,$67.42,$69.85,$66.54
12/01/2021,$67.00,699990,$70.65,$71.45,$66.94
11/30/2021,$70.05,830040,$70.99,$72.95,$67.20
11/29/2021,$71.17,580322,$73.57,$74.32,$70.71
11/26/2021,$72.02,650640,$72.39,$73.68,$69.70
11/24/2021,$74.04,590642,$70.36,$74.70,$68.90
11/23/2021,$70.89,985557,$68.00,$70.98,$66.09
11/22/2021,$69.28,782521,$73.00,$73.23,$69.00
11/19/2021,$71.11,786694,$70.31,$71.45,$68.54
11/18/2021,$70.75,1877943,$68.90,$72.00,$68.00
11/17/2021,$63.74,490893,$63.68,$64.67,$63.11
11/16/2021,$63.93,752737,$65.72,$67.33,$63.7271
11/15/2021,$65.90,1389879,$73.38,$74.01,$65.54
11/12/2021,$73.94,537372,$76.50,$76.9176,$72.32
11/11/2021,$75.78,393728,$77.45,$78.18,$75.47
11/10/2021,$76.60,610970,$81.16,$82.325,$76.07
11/09/2021,$81.02,476150,$83.00,$84.83,$80.65
11/08/2021,$82.51,443627,$81.83,$83.88,$81.465
11/05/2021,$80.73,701118,$81.85,$83.22,$79.645
11/04/2021,$81.55,578079,$80.025,$82.07,$77.06
11/03/2021,$80.43,1059544,$77.1509,$81.36,$76.5001
11/02/2021,$75.90,602046,$70.99,$75.97,$70.01
11/01/2021,$70.99,755146,$63.97,$71.01,$63.61
10/29/2021,$63.82,459434,$64.77,$65.37,$63.35
10/28/2021,$65.40,379971,$64.51,$65.56,$63.68
10/27/2021,$64.49,268545,$66.25,$66.4286,$64.47
10/26/2021,$66.09,512875,$66.43,$67.28,$65.32
10/25/2021,$65.85,492571,$65.78,$66.84,$65.03
10/22/2021,$66.03,396238,$66.91,$66.91,$64.9012
10/21/2021,$66.89,229541,$66.90,$67.7037,$66.65
10/20/2021,$66.75,289282,$66.81,$67.04,$65.58
10/19/2021,$67.07,272205,$66.73,$67.61,$66.18
10/18/2021,$66.14,304985,$65.92,$66.41,$65.38
10/15/2021,$66.16,559858,$67.83,$67.94,$65.41
10/14/2021,$66.83,540091,$63.99,$66.92,$63.909
10/13/2021,$63.37,369776,$63.40,$64.50,$62.36
10/12/2021,$63.27,533264,$60.48,$63.44,$59.77
10/11/2021,$60.10,347952,$59.83,$60.9105,$59.12
10/08/2021,$60.33,708788,$59.23,$60.5999,$58.7346
10/07/2021,$58.98,454415,$58.50,$60.50,$58.32
10/06/2021,$58.09,603287,$59.41,$60.32,$57.94
10/05/2021,$60.05,509992,$61.84,$62.40,$59.75
10/04/2021,$61.71,415721,$62.25,$62.255,$60.80
10/01/2021,$62.60,456871,$62.28,$62.98,$60.41
09/30/2021,$62.43,547970,$61.38,$63.55,$61.02
09/29/2021,$60.63,473874,$60.37,$61.89,$60.22
09/28/2021,$60.65,647666,$64.91,$64.91,$60.4501
09/27/2021,$65.56,534266,$65.44,$65.84,$63.91
09/24/2021,$65.37,592781,$63.96,$65.56,$63.41
09/23/2021,$64.70,508928,$62.69,$64.83,$61.89
09/22/2021,$62.75,308403,$62.47,$63.115,$61.89
09/21/2021,$62.36,326964,$62.61,$63.94,$62.1304
09/20/2021,$62.40,454917,$63.58,$64.5474,$61.965
09/17/2021,$64.93,1753927,$64.24,$65.01,$62.61
09/16/2021,$63.66,350115,$63.43,$63.8523,$62.285
09/15/2021,$63.51,472087,$62.46,$63.79,$61.87
09/14/2021,$62.52,386324,$64.64,$65.15,$62.25
09/13/2021,$64.40,483288,$63.76,$64.95,$62.25
09/10/2021,$63.99,370424,$65.50,$65.6699,$63.94
09/09/2021,$65.29,311248,$65.75,$66.68,$65.02
09/08/2021,$65.85,338430,$65.70,$66.37,$65.00
09/07/2021,$65.62,515004,$67.20,$68.84,$64.86
09/03/2021,$67.55,340284,$68.76,$69.05,$67.06
09/02/2021,$69.10,371403,$69.00,$69.65,$68.23
09/01/2021,$68.49,450377,$67.34,$68.99,$67.12
08/31/2021,$67.12,417298,$67.07,$68.16,$66.43
08/30/2021,$66.84,566991,$66.07,$68.40,$66.00
08/27/2021,$66.07,707065,$64.39,$67.93,$64.20
08/26/2021,$64.16,476768,$63.77,$65.43,$63.6748
08/25/2021,$64.13,402374,$62.60,$64.50,$62.07
08/24/2021,$62.94,375157,$62.04,$63.00,$61.26
08/23/2021,$62.15,585395,$60.90,$62.91,$60.55
08/20/2021,$59.93,491120,$58.39,$61.02,$58.13
08/19/2021,$58.38,440415,$59.30,$60.10,$58.26
08/18/2021,$59.77,306151,$60.54,$61.26,$59.25
08/17/2021,$60.67,495672,$60.09,$60.98,$58.99
08/16/2021,$60.73,402389,$60.02,$61.71,$60.02
08/13/2021,$60.52,554758,$59.82,$61.7959,$58.96
08/12/2021,$59.79,671158,$58.84,$60.27,$58.50
08/11/2021,$58.95,1338289,$61.21,$61.99,$57.92
08/10/2021,$61.21,674925,$63.62,$63.94,$60.95
08/09/2021,$62.78,954031,$65.00,$65.815,$61.7767
08/06/2021,$64.79,1177800,$66.36,$67.57,$62.50
08/05/2021,$68.05,714455,$65.94,$69.01,$65.64
08/04/2021,$66.12,608491,$66.29,$67.93,$65.824
08/03/2021,$66.75,558607,$68.18,$68.80,$66.07
08/02/2021,$68.01,528159,$69.54,$71.00,$67.95
07/30/2021,$69.29,537921,$67.83,$69.54,$67.59
07/29/2021,$68.32,629007,$69.70,$70.97,$68.02
07/28/2021,$68.37,671404,$66.31,$68.59,$65.38
07/27/2021,$65.95,485086,$66.58,$66.58,$64.07
07/26/2021,$66.73,855576,$68.20,$68.75,$66.24
07/23/2021,$68.37,408413,$67.97,$68.63,$66.56
07/22/2021,$67.92,456587,$68.25,$69.16,$66.51
07/21/2021,$68.08,536232,$67.92,$68.75,$65.9716
07/20/2021,$67.91,906275,$65.66,$68.11,$65.51
07/19/2021,$65.55,854512,$62.35,$66.15,$62.1101
07/16/2021,$63.43,516719,$63.73,$64.60,$62.26
07/15/2021,$63.15,478713,$62.56,$63.34,$61.59
07/14/2021,$62.54,741651,$63.92,$63.92,$61.69
07/13/2021,$63.41,570789,$65.01,$65.60,$63.32
07/12/2021,$65.78,492047,$67.14,$68.73,$65.64
07/09/2021,$67.14,799290,$65.81,$67.46,$64.73
07/08/2021,$65.32,923617,$62.35,$66.01,$61.505
07/07/2021,$63.73,1517462,$62.68,$64.305,$61.5319
07/06/2021,$63.07,2710089,$65.01,$67.4394,$62.19
07/02/2021,$63.13,7344481,$67.04,$69.25,$60.00
07/01/2021,$84.96,685569,$82.71,$86.01,$82.20
06/30/2021,$82.82,645984,$81.01,$84.31,$81.00
06/29/2021,$81.50,1119894,$86.00,$86.48,$81.47
06/28/2021,$86.22,776236,$89.407,$91.00,$85.93
06/25/2021,$90.32,1632883,$89.34,$90.4357,$88.30
06/24/2021,$89.51,705824,$88.69,$90.405,$88.48
06/23/2021,$88.09,1052436,$90.00,$93.66,$87.35
06/22/2021,$88.83,723267,$89.22,$89.63,$87.52
06/21/2021,$89.81,856559,$85.94,$90.60,$85.81
06/18/2021,$85.64,1264884,$85.03,$86.71,$84.51
06/17/2021,$85.98,532775,$85.44,$86.93,$84.93
06/16/2021,$85.84,623035,$86.65,$87.3625,$83.89
06/15/2021,$86.63,741755,$88.59,$89.17,$85.72
06/14/2021,$88.41,685113,$88.00,$89.77,$87.52
06/11/2021,$88.71,1568346,$86.72,$90.64,$86.40
06/10/2021,$83.72,718758,$81.70,$84.41,$80.80
06/09/2021,$81.81,779871,$81.86,$82.86,$81.10
06/08/2021,$81.09,685363,$80.71,$81.825,$78.42
06/07/2021,$80.68,882862,$76.29,$81.515,$76.19
06/04/2021,$76.14,724102,$72.93,$76.37,$72.76
06/03/2021,$72.52,848510,$72.37,$72.842,$71.03
06/02/2021,$72.24,1251106,$71.75,$72.33,$71.215
06/01/2021,$71.91,903985,$72.51,$73.51,$71.5919
05/28/2021,$72.60,961508,$73.19,$74.40,$72.36
05/27/2021,$72.77,1149509,$74.06,$74.06,$72.41
05/26/2021,$73.47,418363,$74.66,$74.66,$72.60
05/25/2021,$73.87,580990,$75.23,$76.64,$73.485
05/24/2021,$74.84,451454,$75.17,$75.2599,$74.10
05/21/2021,$74.23,370644,$75.59,$75.99,$73.82
05/20/2021,$74.74,721474,$72.11,$76.015,$71.9899
05/19/2021,$71.42,729696,$70.45,$72.3592,$70.0601
05/18/2021,$72.26,521462,$73.93,$75.255,$72.125
05/17/2021,$73.05,591174,$72.32,$73.95,$70.56
05/14/2021,$72.83,695555,$68.43,$74.1259,$68.00
05/13/2021,$67.88,688940,$69.39,$69.9053,$65.9157
05/12/2021,$68.70,636855,$68.44,$70.51,$68.22
05/11/2021,$69.81,781756,$64.15,$71.11,$63.50
05/10/2021,$66.10,817753,$65.95,$67.29,$64.42
05/07/2021,$66.38,641695,$66.71,$67.50,$65.16
05/06/2021,$65.66,915620,$65.50,$66.04,$61.91
05/05/2021,$66.47,930495,$66.06,$68.65,$65.19
05/04/2021,$66.48,836135,$68.04,$70.06,$66.13
05/03/2021,$70.24,559657,$73.00,$73.98,$70.21
04/30/2021,$72.76,926724,$75.00,$77.28,$71.97
04/29/2021,$75.76,607358,$77.12,$77.12,$73.47
04/28/2021,$75.96,721615,$74.53,$76.71,$74.52
04/27/2021,$74.52,663489,$75.00,$75.41,$73.66
04/26/2021,$74.50,653906,$72.00,$74.93,$71.59
04/23/2021,$71.59,558993,$71.58,$72.35,$70.495
04/22/2021,$70.99,712614,$69.60,$72.15,$68.42
04/21/2021,$69.03,554574,$67.84,$69.24,$66.68
04/20/2021,$68.12,466596,$66.91,$68.86,$65.43
04/19/2021,$67.00,537964,$66.49,$68.45,$65.91
04/16/2021,$67.65,636217,$68.49,$69.47,$67.23
04/15/2021,$67.98,720699,$69.65,$69.70,$66.24
04/14/2021,$67.17,648737,$64.57,$68.22,$64.45
04/13/2021,$63.93,406897,$63.65,$64.70,$62.12
04/12/2021,$62.78,493680,$62.01,$62.90,$60.52
04/09/2021,$62.15,783288,$63.20,$63.25,$61.29
04/08/2021,$63.71,399112,$64.96,$65.74,$63.40
04/07/2021,$63.39,526881,$64.79,$65.45,$63.16
04/06/2021,$65.15,414384,$66.00,$67.56,$65.03
04/05/2021,$67.22,461468,$68.41,$69.11,$65.87
04/01/2021,$67.07,530812,$67.23,$69.50,$66.41
03/31/2021,$66.31,982410,$64.50,$69.39,$64.36
03/30/2021,$63.69,638780,$61.58,$64.41,$60.64
03/29/2021,$61.35,700959,$62.57,$64.03,$60.66
03/26/2021,$62.95,883895,$65.46,$65.7102,$61.32
03/25/2021,$65.21,1204118,$61.54,$65.605,$61.03
03/24/2021,$62.82,810189,$66.23,$67.25,$62.43
03/23/2021,$66.07,730545,$69.13,$69.73,$65.78
03/22/2021,$70.50,803812,$68.77,$71.10,$68.26
03/19/2021,$67.40,2059122,$67.86,$68.85,$65.5853
03/18/2021,$67.84,692643,$71.01,$71.7514,$67.69
03/17/2021,$72.57,461228,$70.47,$73.38,$69.50
03/16/2021,$71.97,525057,$73.40,$74.4589,$70.44
03/15/2021,$71.85,804400,$72.90,$73.21,$70.48
03/12/2021,$72.74,513180,$72.11,$72.84,$70.315
03/11/2021,$73.18,658961,$71.61,$73.64,$70.87
03/10/2021,$69.63,732294,$71.44,$73.48,$69.20
03/09/2021,$69.87,913193,$65.82,$71.50,$65.81
03/08/2021,$64.58,1191259,$69.10,$71.08,$64.30
03/05/2021,$69.00,1614160,$70.00,$70.495,$62.99
03/04/2021,$69.56,1767603,$77.0776,$77.0776,$68.07
03/03/2021,$75.48,900406,$80.61,$80.97,$75.17
03/02/2021,$80.63,722657,$83.25,$83.89,$80.32
03/01/2021,$83.78,567615,$81.14,$84.45,$81.06
02/26/2021,$79.66,1061886,$83.01,$84.49,$78.91
02/25/2021,$82.20,615189,$84.16,$86.44,$81.10
02/24/2021,$85.03,697535,$82.48,$85.4814,$80.42
02/23/2021,$81.75,1327271,$82.82,$83.00,$78.01
02/22/2021,$85.00,791623,$88.29,$89.373,$84.71
02/19/2021,$89.51,679126,$87.30,$90.40,$86.0635
02/18/2021,$86.46,749077,$84.69,$86.97,$83.00
02/17/2021,$86.70,850871,$86.71,$87.82,$84.5866
02/16/2021,$87.40,565831,$89.03,$89.36,$85.37
02/12/2021,$88.20,489166,$88.46,$89.9089,$86.70
02/11/2021,$88.34,610652,$88.95,$90.42,$86.66
02/10/2021,$87.48,941522,$90.00,$92.60,$87.0119
02/09/2021,$89.80,552629,$88.41,$91.1008,$87.66
02/08/2021,$88.41,1156421,$89.64,$90.47,$86.12
02/05/2021,$90.47,1490331,$82.50,$91.6973,$78.55
02/04/2021,$83.92,921049,$81.61,$84.8872,$79.77
02/03/2021,$80.33,568422,$79.92,$81.89,$79.45
02/02/2021,$80.52,715396,$80.78,$82.00,$79.95
02/01/2021,$79.76,543682,$78.03,$80.395,$77.2817
01/29/2021,$77.17,986375,$78.39,$80.89,$76.31
01/28/2021,$77.75,719609,$78.16,$79.29,$76.50
01/27/2021,$76.82,1005148,$79.55,$81.93,$75.03
01/26/2021,$81.14,677780,$84.29,$85.88,$80.86
01/25/2021,$84.13,696519,$81.85,$84.67,$80.285
01/22/2021,$82.07,822217,$79.81,$82.24,$79.50
01/21/2021,$80.02,559007,$83.58,$84.12,$79.49
01/20/2021,$83.44,659119,$82.59,$84.98,$82.40
01/19/2021,$82.15,538574,$80.61,$83.4543,$80.61
01/15/2021,$80.74,650627,$81.90,$84.35,$80.52
01/14/2021,$82.86,482697,$80.95,$84.12,$80.40
01/13/2021,$81.00,709501,$82.11,$84.55,$80.89
01/12/2021,$82.69,550630,$80.42,$82.93,$80.01
01/11/2021,$80.11,833221,$79.00,$81.22,$78.03
01/08/2021,$79.88,937627,$78.848,$82.25,$78.10
01/07/2021,$79.47,989674,$75.00,$79.49,$75.00
01/06/2021,$74.38,1720757,$71.62,$74.74,$70.11
01/05/2021,$72.63,1268776,$74.57,$74.57,$70.45
01/04/2021,$74.83,1164185,$76.07,$77.11,$74.52
12/31/2020,$76.73,677707,$77.81,$77.87,$75.68
12/30/2020,$77.43,693581,$78.78,$81.28,$77.2901
12/29/2020,$78.04,838114,$79.71,$79.95,$75.25
12/28/2020,$79.94,856577,$85.35,$85.78,$79.75
12/24/2020,$84.19,313138,$84.92,$86.75,$83.62
12/23/2020,$85.37,735773,$82.83,$86.11,$81.74
12/22/2020,$82.83,1037569,$82.67,$83.90,$80.82
12/21/2020,$82.03,1441766,$77.03,$82.06,$74.62
12/18/2020,$80.16,2977864,$79.97,$82.06,$79.05
12/17/2020,$79.37,873940,$76.96,$79.70,$76.89
12/16/2020,$77.63,842533,$76.92,$77.96,$74.95
12/15/2020,$76.45,888186,$75.75,$77.20,$74.8106
12/14/2020,$74.91,1186180,$74.68,$78.27,$74.68
12/11/2020,$74.06,1008109,$73.64,$75.03,$72.66
12/10/2020,$74.005,1395126,$68.49,$74.11,$68.1366
12/09/2020,$68.90,1455867,$68.66,$72.17,$67.9781
12/08/2020,$68.18,702512,$66.17,$68.34,$65.7033
12/07/2020,$65.85,793536,$65.20,$66.72,$64.35
12/04/2020,$65.29,715159,$63.93,$65.57,$63.0335
12/03/2020,$63.98,515059,$64.43,$65.00,$63.50
12/02/2020,$64.72,878227,$62.03,$65.00,$61.21
12/01/2020,$62.64,758518,$63.34,$63.94,$61.96
11/30/2020,$62.53,1512321,$63.25,$65.62,$61.92
11/27/2020,$62.99,1023713,$57.01,$63.00,$56.9474
11/25/2020,$57.02,1952457,$60.17,$60.17,$56.05
11/24/2020,$60.39,3536392,$65.50,$66.75,$58.02
11/23/2020,$68.20,1101575,$68.26,$69.5644,$66.56
11/20/2020,$68.80,719870,$68.07,$69.30,$66.8539
11/19/2020,$68.92,1178470,$69.64,$72.50,$68.38
11/18/2020,$68.36,1099250,$70.96,$72.48,$67.63
11/17/2020,$70.79,1043441,$68.46,$71.45,$67.64
11/16/2020,$69.07,779972,$70.00,$70.9029,$67.40
11/13/2020,$68.54,822919,$70.08,$70.98,$68.43
11/12/2020,$69.23,881029,$69.56,$71.6205,$68.92
11/11/2020,$69.56,726605,$68.65,$70.4799,$68.30
11/10/2020,$68.68,938207,$68.52,$69.26,$66.81
11/09/2020,$68.10,1237878,$69.38,$70.40,$67.52
11/06/2020,$66.45,578950,$66.41,$66.93,$64.54
11/05/2020,$65.97,1026313,$65.00,$66.12,$62.7611
11/04/2020,$64.34,1369564,$59.20,$64.96,$59.20
11/03/2020,$59.47,949015,$59.31,$60.29,$57.341
11/02/2020,$58.22,968368,$57.72,$58.90,$56.80
10/30/2020,$57.30,1039423,$57.13,$58.58,$55.57
10/29/2020,$58.09,1047232,$59.86,$59.87,$56.72
10/28/2020,$59.42,1172980,$60.28,$60.82,$58.12
10/27/2020,$61.69,1401228,$59.69,$62.75,$58.815
10/26/2020,$59.10,1533791,$58.25,$60.49,$57.95
10/23/2020,$58.88,1351364,$58.60,$59.035,$57.35
10/22/2020,$58.56,1667390,$57.27,$59.85,$57.01
10/21/2020,$56.72,2048278,$54.79,$58.50,$54.4213
10/20/2020,$54.74,1872955,$50.08,$54.94,$49.50
10/19/2020,$50.08,1655494,$49.18,$52.00,$48.21
10/16/2020,$49.38,1202918,$48.85,$50.70,$48.39
10/15/2020,$48.85,4025654,$48.19,$50.86,$46.11
10/14/2020,$44.46,814815,$46.27,$46.71,$44.29
10/13/2020,$46.52,645245,$46.18,$47.19,$45.65
10/12/2020,$46.39,690702,$46.67,$47.01,$45.14
10/09/2020,$46.05,992878,$48.21,$48.59,$45.79
10/08/2020,$48.01,1896527,$51.3425,$51.3425,$47.24
10/07/2020,$48.10,528315,$46.42,$48.34,$46.2079
10/06/2020,$46.405,877459,$46.97,$48.4599,$46.08
10/05/2020,$47.11,1122073,$44.19,$47.27,$44.19
10/02/2020,$43.82,1004826,$43.75,$44.70,$42.44
10/01/2020,$44.76,1004877,$43.12,$45.44,$42.97
09/30/2020,$43.06,908882,$43.64,$44.36,$42.65
09/29/2020,$43.42,818892,$43.61,$44.29,$43.22
09/28/2020,$43.68,1080335,$45.17,$45.17,$42.40
09/25/2020,$44.915,847541,$43.98,$45.10,$43.65
09/24/2020,$44.31,858906,$44.17,$45.73,$42.99
09/23/2020,$44.64,1740430,$43.51,$45.8167,$43.28
09/22/2020,$43.80,1503515,$42.25,$44.10,$41.60
09/21/2020,$41.71,1295134,$41.67,$43.56,$41.26
09/18/2020,$43.10,4042115,$46.4741,$46.4894,$41.76
09/17/2020,$45.75,2649992,$46.36,$48.95,$45.55
09/16/2020,$47.43,24010600,$40.05,$53.12,$40.05
09/15/2020,$33.80,1034405,$34.48,$34.96,$33.61
09/14/2020,$34.04,1363699,$33.86,$34.68,$33.22
09/11/2020,$33.21,1904354,$35.53,$35.66,$32.86
09/10/2020,$35.20,1269344,$36.319,$37.805,$34.90
09/09/2020,$36.14,806590,$35.77,$36.71,$35.21
09/08/2020,$35.47,1062176,$35.25,$36.80,$34.5495
09/04/2020,$36.04,1201729,$37.50,$37.98,$34.002
09/03/2020,$37.06,1061171,$39.50,$39.605,$36.75
09/02/2020,$39.83,1041293,$39.01,$40.063,$37.6601
09/01/2020,$39.00,1495021,$41.88,$42.74,$38.89
08/31/2020,$42.24,921931,$42.58,$43.64,$42.05
08/28/2020,$41.97,665284,$42.00,$43.01,$41.52
08/27/2020,$41.84,777412,$42.62,$42.67,$40.33
08/26/2020,$42.37,529949,$43.24,$43.83,$42.23
08/25/2020,$43.33,452693,$42.74,$43.63,$42.165
08/24/2020,$42.86,741159,$43.33,$43.365,$41.52
08/21/2020,$42.49,696686,$42.80,$43.3116,$42.085
08/20/2020,$43.06,967519,$44.44,$44.80,$41.98
08/19/2020,$44.97,627489,$44.83,$45.73,$43.76
08/18/2020,$44.54,1139445,$45.77,$46.4011,$43.35
08/17/2020,$45.70,1397707,$42.15,$46.54,$42.15
08/14/2020,$42.01,549646,$42.61,$42.85,$41.40
08/13/2020,$42.71,850928,$42.45,$42.91,$40.81
08/12/2020,$42.81,923005,$40.63,$43.015,$40.63
08/11/2020,$40.58,1006186,$41.17,$42.18,$40.21
08/10/2020,$40.37,708308,$40.07,$40.78,$39.61
08/07/2020,$40.23,921836,$41.50,$42.00,$39.56
08/06/2020,$41.02,1297618,$43.09,$44.39,$40.01
08/05/2020,$43.56,1207746,$44.72,$44.72,$42.67
08/04/2020,$44.12,498981,$44.00,$44.63,$43.29
08/03/2020,$44.38,625133,$43.41,$44.49,$42.88
07/31/2020,$43.07,972515,$45.55,$45.80,$42.62
07/30/2020,$45.45,560992,$43.67,$46.00,$43.27
07/29/2020,$44.30,730945,$45.77,$46.30,$44.00
07/28/2020,$45.51,805150,$48.25,$48.4899,$45.47
07/27/2020,$48.34,791791,$46.49,$48.44,$46.00
07/24/2020,$46.21,797905,$45.72,$46.82,$45.0401
07/23/2020,$46.66,844141,$48.80,$49.40,$46.32
07/22/2020,$48.60,793096,$48.75,$49.6547,$47.36
07/21/2020,$48.75,1094130,$51.75,$52.00,$48.42
07/20/2020,$51.27,1174887,$49.13,$51.54,$48.76
07/17/2020,$49.02,923994,$48.88,$49.99,$48.72
07/16/2020,$49.02,771951,$47.98,$49.31,$47.44
07/15/2020,$48.18,894857,$48.09,$48.75,$47.18
07/14/2020,$47.34,1460561,$46.11,$47.39,$45.20
07/13/2020,$46.13,1829084,$45.00,$48.97,$44.70
07/10/2020,$44.51,728018,$45.28,$45.85,$44.42
07/09/2020,$45.15,1035015,$45.30,$46.27,$44.335
07/08/2020,$45.25,762731,$44.63,$45.31,$44.25
07/07/2020,$44.24,948605,$43.69,$45.715,$43.15
07/06/2020,$43.72,816996,$44.54,$45.16,$43.49
07/02/2020,$44.20,944691,$44.62,$45.20,$43.00
07/01/2020,$44.16,1245894,$43.20,$44.80,$42.94
06/30/2020,$43.19,972326,$42.61,$43.41,$41.34
06/29/2020,$42.60,1086429,$43.28,$43.54,$42.0301
06/26/2020,$43.27,2110597,$42.00,$43.84,$41.34
06/25/2020,$42.23,1237078,$39.39,$42.39,$38.31
06/24/2020,$39.76,1343008,$41.48,$42.2125,$39.03
06/23/2020,$41.76,2065768,$40.08,$42.97,$39.83
06/22/2020,$39.83,1437974,$36.49,$40.02,$35.64
06/19/2020,$36.73,2748442,$36.91,$37.14,$35.54
06/18/2020,$36.72,949386,$35.48,$37.62,$35.24
06/17/2020,$35.51,1054158,$35.86,$36.24,$34.65
06/16/2020,$35.75,1158461,$34.20,$36.1671,$33.6175
06/15/2020,$33.22,962614,$31.81,$33.58,$31.11
06/12/2020,$32.73,1105354,$32.72,$32.79,$30.83
06/11/2020,$31.58,1482240,$34.09,$34.19,$31.29
06/10/2020,$35.01,1018679,$35.06,$35.79,$33.93
06/09/2020,$35.14,691759,$35.22,$35.91,$34.90
06/08/2020,$35.74,798078,$34.53,$35.74,$34.00
06/05/2020,$34.07,1154799,$32.93,$34.54,$31.85
06/04/2020,$32.45,1103614,$31.64,$32.97,$31.50
06/03/2020,$32.01,740099,$33.10,$33.25,$31.957
06/02/2020,$32.77,952642,$33.43,$33.5199,$31.61
06/01/2020,$33.31,1026988,$32.10,$33.65,$31.91
05/29/2020,$32.24,1636067,$33.29,$33.42,$31.56
05/28/2020,$33.09,1206286,$33.97,$34.62,$32.65
05/27/2020,$33.67,1874453,$33.71,$34.225,$31.565
05/26/2020,$33.71,1116604,$36.90,$36.9572,$33.55
05/22/2020,$35.69,587641,$35.645,$35.85,$34.80
05/21/2020,$35.84,972441,$36.57,$36.8198,$34.77
05/20/2020,$36.63,1025107,$36.87,$37.39,$36.01
05/19/2020,$36.49,1097840,$38.30,$38.96,$36.44
05/18/2020,$38.24,1403050,$36.96,$38.96,$36.6154
05/15/2020,$35.85,963027,$35.82,$36.3199,$34.41
05/14/2020,$35.60,1455804,$33.36,$36.01,$32.66
05/13/2020,$34.155,1158148,$36.41,$37.2514,$33.51
05/12/2020,$35.94,1386222,$36.42,$38.16,$35.03
05/11/2020,$36.30,1522162,$33.87,$37.285,$33.33
05/08/2020,$34.14,1767954,$36.48,$37.10,$33.30
05/07/2020,$35.13,1254090,$34.95,$35.4425,$33.77
05/06/2020,$34.23,827197,$35.71,$35.87,$34.06
05/05/2020,$35.40,1340052,$35.11,$36.33,$34.69
05/04/2020,$34.16,1030815,$31.89,$34.24,$31.72
05/01/2020,$32.56,1296511,$33.55,$34.27,$31.50
04/30/2020,$34.43,1293192,$36.18,$36.38,$34.40
04/29/2020,$36.53,929805,$38.34,$38.38,$36.36
04/28/2020,$37.26,873756,$40.00,$40.01,$37.15
04/27/2020,$39.47,671882,$39.21,$40.00,$38.92
04/24/2020,$38.89,1003158,$38.95,$39.3494,$37.70
04/23/2020,$38.45,1045478,$36.85,$39.39,$36.85
04/22/2020,$36.94,1030573,$37.94,$37.94,$36.08
04/21/2020,$36.62,1306431,$37.72,$38.6584,$36.17
04/20/2020,$38.89,1824498,$35.72,$40.02,$35.72
04/17/2020,$36.55,1258971,$35.98,$36.64,$35.0901
04/16/2020,$34.83,1819651,$35.07,$35.44,$33.05
04/15/2020,$35.33,1832484,$36.86,$37.23,$34.41
04/14/2020,$36.77,1366150,$35.90,$37.55,$35.10
04/13/2020,$34.85,1559062,$35.65,$35.74,$33.68
04/09/2020,$33.87,1436331,$32.25,$34.78,$32.17
04/08/2020,$31.51,1121132,$30.25,$31.97,$29.61
04/07/2020,$29.39,1469323,$29.15,$30.50,$28.65
04/06/2020,$28.94,1262537,$27.22,$29.07,$26.75
04/03/2020,$26.12,598818,$26.50,$27.27,$25.84
04/02/2020,$26.91,912383,$26.22,$27.61,$25.79
04/01/2020,$26.52,1005322,$28.03,$28.62,$26.19
03/31/2020,$28.77,1311335,$29.16,$29.41,$27.60
03/30/2020,$28.97,1134753,$28.45,$29.08,$27.00
03/27/2020,$28.12,1302044,$29.83,$30.15,$27.95
03/26/2020,$30.59,1641496,$29.50,$32.21,$29.50
03/25/2020,$29.22,1976149,$28.54,$30.24,$27.50
03/24/2020,$28.63,1724767,$27.51,$28.85,$26.89
03/23/2020,$25.58,2044110,$28.14,$28.96,$24.50
03/20/2020,$27.79,3558956,$27.00,$29.86,$27.00
03/19/2020,$26.00,2885113,$20.71,$27.0729,$20.412
03/18/2020,$20.56,2364198,$20.39,$22.21,$19.5101
03/17/2020,$21.97,2823961,$22.25,$22.72,$19.5201
03/16/2020,$21.76,2600995,$22.46,$24.52,$21.59
03/13/2020,$26.32,2682936,$26.50,$26.67,$22.64
03/12/2020,$25.01,2774080,$25.14,$27.17,$24.14
03/11/2020,$28.56,1954592,$29.11,$30.76,$27.98
03/10/2020,$29.89,2064906,$31.36,$31.7894,$27.13
03/09/2020,$30.00,2176318,$30.00,$33.20,$29.20
03/06/2020,$33.40,1760651,$34.50,$34.895,$32.40
03/05/2020,$35.59,1169067,$35.98,$36.94,$35.14
03/04/2020,$36.93,1198319,$35.99,$37.00,$35.09
03/03/2020,$35.15,1443525,$35.70,$37.15,$34.77
03/02/2020,$35.50,1387944,$35.37,$36.10,$34.08
02/28/2020,$35.36,2037045,$34.81,$35.60,$33.64
02/27/2020,$36.00,2249716,$35.07,$37.80,$34.40
02/26/2020,$36.06,2327831,$34.24,$37.00,$34.01
02/25/2020,$34.12,1773279,$37.00,$37.57,$33.99
02/24/2020,$36.39,1668452,$37.00,$38.10,$35.73
02/21/2020,$38.49,1062294,$39.68,$39.76,$37.80
02/20/2020,$39.74,1815738,$39.90,$40.25,$38.11
02/19/2020,$39.93,842877,$40.99,$41.8839,$39.89
02/18/2020,$40.55,990119,$40.50,$41.24,$39.93
02/14/2020,$41.27,1032392,$40.59,$41.57,$40.49
02/13/2020,$41.05,946004,$42.17,$42.41,$40.98
02/12/2020,$42.41,1020641,$41.80,$42.81,$41.34
02/11/2020,$41.58,1254552,$43.25,$43.69,$41.05
02/10/2020,$42.85,1577207,$40.35,$43.30,$39.61
02/07/2020,$40.43,1365041,$40.86,$41.1416,$40.05
02/06/2020,$41.10,4085185,$46.01,$46.42,$40.15
02/05/2020,$43.72,1343069,$44.80,$45.25,$42.9475
02/04/2020,$43.90,1311606,$44.20,$45.085,$43.72
02/03/2020,$43.26,1686568,$42.36,$44.69,$42.25
01/31/2020,$41.91,1521931,$41.27,$42.50,$40.90
01/30/2020,$41.52,2136920,$43.74,$44.33,$41.06
01/29/2020,$44.04,1210974,$45.20,$45.95,$43.85
01/28/2020,$45.40,1151116,$44.41,$45.66,$44.23
01/27/2020,$44.01,1614504,$43.05,$44.80,$42.39
01/24/2020,$44.61,2250043,$46.34,$47.31,$43.64
01/23/2020,$46.21,1535698,$47.22,$47.71,$46.19
01/22/2020,$47.58,1835260,$47.59,$49.34,$47.41
01/21/2020,$47.59,6883163,$52.35,$52.75,$46.48
01/17/2020,$56.42,1541532,$57.69,$57.69,$56.11
01/16/2020,$57.11,1170091,$57.12,$57.98,$56.75
01/15/2020,$56.93,1204004,$58.00,$58.00,$56.60
01/14/2020,$57.50,1457725,$55.87,$58.21,$54.6669
01/13/2020,$56.66,2093669,$58.00,$58.00,$54.19
01/10/2020,$58.01,1396439,$59.04,$59.80,$57.65
01/09/2020,$58.94,1423381,$60.46,$60.65,$58.58
01/08/2020,$59.80,1422896,$59.72,$61.29,$58.75
01/07/2020,$59.58,1495438,$59.13,$60.40,$58.215
01/06/2020,$59.435,1824443,$60.91,$61.13,$58.7251
01/03/2020,$61.56,1467063,$61.94,$63.21,$60.77
01/02/2020,$63.12,1583602,$63.62,$64.00,$60.75
12/31/2019,$63.43,1205315,$63.94,$64.98,$63.21
12/30/2019,$64.20,1202830,$64.50,$65.1968,$63.20
12/27/2019,$64.93,1399956,$67.15,$67.24,$63.71
12/26/2019,$66.99,1458005,$64.55,$67.98,$64.34
12/24/2019,$64.56,786893,$63.61,$64.70,$63.02
12/23/2019,$63.76,2208706,$64.65,$65.11,$63.43
12/20/2019,$63.49,19626310,$67.84,$68.09,$63.09
12/19/2019,$67.68,1160991,$66.90,$68.35,$65.21
12/18/2019,$66.51,1326144,$65.30,$67.50,$64.5102
12/17/2019,$65.85,1470304,$65.44,$67.00,$63.60
12/16/2019,$65.38,3022816,$64.55,$65.45,$61.19
12/13/2019,$66.46,1577018,$66.70,$68.50,$65.56
12/12/2019,$67.32,2050860,$68.28,$69.95,$65.89
12/11/2019,$68.22,1718444,$70.62,$71.80,$67.28
12/10/2019,$70.86,2281095,$68.02,$72.17,$68.00
12/09/2019,$67.77,2088509,$67.27,$69.50,$66.5918
12/06/2019,$67.27,1985868,$66.43,$69.00,$65.70
12/05/2019,$65.53,2445986,$66.00,$66.77,$62.50
12/04/2019,$66.46,6598302,$62.22,$66.8858,$61.00
12/03/2019,$68.66,5939086,$62.00,$72.47,$60.38
12/02/2019,$63.33,6145710,$73.33,$73.63,$61.85
11/29/2019,$73.01,2054453,$69.25,$73.72,$67.81
11/27/2019,$69.02,3543782,$67.00,$70.28,$64.50
11/26/2019,$67.70,6188105,$58.94,$67.77,$58.50
11/25/2019,$56.99,5388868,$53.19,$59.72,$52.58
11/22/2019,$49.20,964269,$49.39,$49.77,$47.90
11/21/2019,$49.06,1404883,$48.90,$49.75,$48.40
11/20/2019,$48.35,3451140,$50.00,$50.37,$46.93
11/19/2019,$50.50,2148810,$49.29,$51.84,$48.89
11/18/2019,$48.17,1632961,$48.29,$48.99,$46.67
11/15/2019,$47.44,2376157,$47.00,$47.84,$45.22
11/14/2019,$48.50,2075572,$48.48,$49.78,$46.43
11/13/2019,$48.51,2660279,$45.41,$48.87,$44.44
11/12/2019,$45.275,1897540,$43.23,$45.85,$42.905
11/11/2019,$42.94,1045147,$41.72,$43.41,$41.12
11/08/2019,$42.10,1166395,$40.00,$42.12,$39.32
11/07/2019,$39.60,877472,$39.63,$40.16,$38.88
11/06/2019,$39.22,893807,$39.87,$40.28,$39.06
11/05/2019,$39.73,961303,$39.44,$39.82,$38.84
11/04/2019,$39.46,1848286,$41.75,$42.29,$38.65
11/01/2019,$41.48,1511830,$40.29,$41.64,$39.94
10/31/2019,$40.05,1161062,$40.04,$40.65,$39.60
10/30/2019,$40.03,857563,$39.85,$40.35,$38.85
10/29/2019,$39.90,1089853,$39.35,$40.296,$39.00
10/28/2019,$39.26,958109,$38.81,$39.49,$38.2826
10/25/2019,$38.55,1427911,$36.90,$39.41,$36.899
10/24/2019,$36.87,2195360,$38.81,$38.87,$36.38
10/23/2019,$39.65,1688115,$38.89,$40.09,$38.00
10/22/2019,$38.975,2072022,$37.12,$39.25,$36.88
10/21/2019,$36.50,1443118,$36.37,$36.89,$35.03
10/18/2019,$35.95,3644756,$36.89,$38.75,$35.60
10/17/2019,$36.60,2483475,$34.97,$37.33,$34.51
10/16/2019,$34.51,969386,$34.25,$34.74,$34.0436
10/15/2019,$34.345,872352,$33.25,$34.3894,$33.2145
10/14/2019,$32.98,853631,$32.51,$33.50,$32.055
10/11/2019,$32.55,1094768,$32.29,$32.86,$31.83
10/10/2019,$32.00,939232,$31.28,$32.12,$31.1482
10/09/2019,$31.23,807046,$32.13,$32.44,$31.09
10/08/2019,$31.48,1252374,$31.51,$32.22,$31.145
10/07/2019,$31.83,1258243,$30.63,$32.0334,$30.4326
10/04/2019,$30.60,899643,$29.61,$30.68,$29.55
10/03/2019,$29.92,939385,$29.30,$29.94,$28.26
10/02/2019,$28.92,1405576,$27.85,$29.45,$27.115
10/01/2019,$28.14,1406322,$28.10,$28.87,$27.50
09/30/2019,$28.18,1378782,$26.01,$28.534,$25.97
09/27/2019,$26.96,1207146,$27.19,$27.71,$26.335
09/26/2019,$27.27,977229,$28.24,$28.625,$27.10
09/25/2019,$28.26,1224333,$28.00,$28.66,$27.58
09/24/2019,$28.08,1832735,$29.00,$29.10,$27.45
09/23/2019,$28.88,1304357,$29.10,$29.10,$28.63
09/20/2019,$28.86,2600415,$29.09,$29.53,$28.3203
09/19/2019,$29.09,1538232,$29.31,$29.69,$28.95
09/18/2019,$29.28,1687715,$29.67,$29.67,$28.45
09/17/2019,$29.54,1011674,$29.66,$30.43,$29.14
09/16/2019,$29.44,1631570,$31.00,$31.4599,$28.75
09/13/2019,$29.95,846964,$30.01,$30.46,$29.61
09/12/2019,$30.14,1351822,$30.78,$31.20,$29.44
09/11/2019,$30.89,1814086,$28.78,$30.92,$28.78
09/10/2019,$28.72,1428673,$28.42,$28.95,$27.81
09/09/2019,$28.70,2698905,$31.45,$31.59,$27.63
09/06/2019,$31.51,851099,$31.84,$32.27,$31.32
09/05/2019,$31.84,2393595,$34.58,$34.70,$30.80
09/04/2019,$34.24,1550285,$33.55,$34.26,$33.09
09/03/2019,$33.23,1285021,$34.43,$34.89,$33.04
08/30/2019,$34.17,1650124,$35.61,$36.80,$33.68
08/29/2019,$34.86,1309241,$35.00,$35.69,$33.79
08/28/2019,$34.36,1351443,$32.80,$34.84,$32.79
08/27/2019,$32.92,1563063,$32.66,$33.3382,$32.271
08/26/2019,$32.22,1884068,$31.48,$32.30,$31.25
08/23/2019,$30.88,1163901,$32.03,$32.7262,$30.71
08/22/2019,$32.12,1789019,$34.60,$34.9338,$31.805
08/21/2019,$34.50,1501413,$33.90,$35.41,$33.6399
08/20/2019,$33.72,1514262,$33.90,$33.90,$33.03
08/19/2019,$33.72,1715205,$32.20,$34.02,$31.57
08/16/2019,$31.19,1569924,$29.33,$31.56,$29.30
08/15/2019,$29.18,740995,$29.90,$30.06,$29.14
08/14/2019,$29.78,1006449,$28.93,$30.11,$28.84
08/13/2019,$29.63,858438,$29.11,$30.25,$29.11
08/12/2019,$29.26,811376,$28.85,$29.49,$28.41
08/09/2019,$29.05,731019,$28.96,$29.47,$28.65
08/08/2019,$29.14,873567,$28.85,$29.33,$27.91
08/07/2019,$28.75,990989,$28.36,$28.96,$28.0104
08/06/2019,$28.50,2083211,$28.28,$29.80,$27.83
08/05/2019,$27.24,1701854,$28.45,$28.72,$27.24
08/02/2019,$29.12,756012,$29.29,$29.52,$28.76
08/01/2019,$29.53,1110912,$29.19,$30.30,$29.17
07/31/2019,$29.06,840027,$29.60,$29.90,$28.94
07/30/2019,$29.55,939721,$28.22,$29.58,$28.10
07/29/2019,$28.67,1079050,$29.52,$29.68,$28.44
07/26/2019,$29.52,1383584,$29.02,$29.635,$29.01
07/25/2019,$28.79,1188855,$29.23,$29.37,$28.69
07/24/2019,$29.23,1373208,$29.67,$29.6819,$28.45
07/23/2019,$29.78,816586,$30.06,$30.3464,$29.16
07/22/2019,$29.98,1492781,$29.28,$30.73,$29.15
07/19/2019,$29.17,1132802,$29.66,$29.98,$29.13
07/18/2019,$29.63,1457631,$28.57,$30.13,$28.4434
07/17/2019,$28.52,831778,$28.44,$28.74,$27.94
07/16/2019,$28.16,737518,$27.81,$28.33,$27.60
07/15/2019,$27.80,710599,$27.27,$27.98,$26.94
07/12/2019,$27.15,857973,$26.29,$27.21,$25.95
07/11/2019,$26.29,907195,$26.73,$26.75,$26.10
07/10/2019,$26.58,1026837,$26.96,$27.27,$26.1767
07/09/2019,$26.78,727455,$26.18,$26.96,$26.18
07/08/2019,$26.26,1199484,$26.24,$26.39,$25.78
07/05/2019,$26.53,951526,$26.76,$26.76,$26.26
07/03/2019,$26.78,667066,$26.42,$26.79,$26.42
07/02/2019,$26.35,1233359,$26.53,$26.78,$26.02
07/01/2019,$26.49,1554709,$26.79,$27.00,$25.68
06/28/2019,$26.50,3882670,$28.20,$28.30,$26.05
06/27/2019,$28.82,1281129,$28.30,$28.84,$27.69
06/26/2019,$27.70,1003336,$27.70,$27.995,$27.35
06/25/2019,$27.52,1483692,$27.69,$27.90,$27.24
06/24/2019,$27.50,2036861,$28.13,$28.28,$27.33
06/21/2019,$28.12,4373898,$27.28,$28.46,$27.05
06/20/2019,$27.29,1709770,$27.82,$28.315,$27.10
06/19/2019,$27.51,1925234,$27.98,$28.19,$27.29
06/18/2019,$27.89,2103615,$26.78,$27.97,$26.70
06/17/2019,$26.45,2296732,$26.01,$26.57,$25.95
06/14/2019,$25.82,1673263,$26.10,$26.10,$25.69
06/13/2019,$26.13,1766501,$26.54,$26.75,$25.8608
06/12/2019,$26.37,1822501,$26.34,$26.87,$26.17
06/11/2019,$26.99,1098527,$26.71,$27.05,$26.19
06/10/2019,$26.54,1278997,$27.50,$27.69,$26.355
06/07/2019,$27.05,1318753,$26.65,$27.10,$26.54
06/06/2019,$26.61,1403899,$26.37,$26.96,$25.94
06/05/2019,$26.42,1743805,$25.74,$26.62,$25.40
06/04/2019,$25.55,2160966,$24.78,$25.58,$24.2673
06/03/2019,$24.41,1990493,$24.15,$24.88,$23.90
05/31/2019,$23.71,2369392,$24.16,$24.29,$23.49
05/30/2019,$24.60,2062944,$25.12,$25.2319,$24.27
05/29/2019,$24.99,2029337,$24.69,$25.495,$24.12
05/28/2019,$25.02,3990011,$24.40,$25.39,$24.08
05/24/2019,$24.04,5421125,$21.96,$24.30,$21.91
05/23/2019,$21.97,21001500,$21.47,$22.08,$20.42
05/22/2019,$21.79,4498258,$21.17,$22.0983,$21.17
05/21/2019,$21.35,11601550,$20.59,$22.74,$20.49
05/20/2019,$18.94,999516,$19.15,$19.38,$18.82
05/17/2019,$19.46,1156985,$19.20,$19.95,$19.20
05/16/2019,$19.47,1276915,$18.96,$19.69,$18.51
05/15/2019,$19.17,1068809,$18.38,$19.285,$18.2307
05/14/2019,$18.60,1303856,$18.18,$18.98,$18.00
05/13/2019,$18.025,1721394,$18.98,$19.141,$17.5565
05/10/2019,$19.51,1436509,$19.22,$19.99,$19.05
05/09/2019,$19.45,1904025,$18.23,$19.565,$17.75
05/08/2019,$18.33,1337326,$17.99,$18.77,$17.71
05/07/2019,$18.01,1423289,$18.27,$18.54,$17.68
05/06/2019,$18.55,1131512,$17.61,$18.76,$17.51
05/03/2019,$18.14,1042223,$17.90,$18.19,$17.73
05/02/2019,$17.81,943311,$17.43,$17.94,$17.30
05/01/2019,$17.43,1221475,$18.00,$18.10,$17.41
04/30/2019,$17.98,1075534,$18.30,$18.4476,$17.835
04/29/2019,$18.34,1020550,$19.00,$19.07,$18.31
04/26/2019,$19.00,755792,$19.09,$19.10,$18.76
04/25/2019,$19.05,812386,$18.90,$19.17,$18.66
04/24/2019,$18.94,979167,$19.07,$19.25,$18.63
04/23/2019,$19.07,1199367,$18.64,$19.29,$18.4275
04/22/2019,$18.53,715175,$18.07,$18.55,$18.03
04/18/2019,$18.17,1373032,$18.32,$18.57,$17.50
04/17/2019,$18.38,1401542,$19.33,$19.33,$18.00
04/16/2019,$19.25,1145108,$18.93,$19.42,$18.76
04/15/2019,$18.65,1149020,$18.47,$18.8999,$18.20
04/12/2019,$18.32,1914922,$19.25,$19.35,$18.115
04/11/2019,$19.05,1086309,$19.51,$19.63,$18.89
04/10/2019,$19.49,1069216,$19.25,$19.745,$19.25
04/09/2019,$19.22,1674081,$19.67,$19.84,$19.18
04/08/2019,$19.75,1272025,$19.92,$19.98,$19.09
04/05/2019,$19.98,2042762,$19.42,$20.28,$19.42
04/04/2019,$19.35,1178312,$19.53,$19.58,$18.87
04/03/2019,$19.49,1558996,$19.00,$19.66,$18.80
04/02/2019,$18.78,1163777,$18.29,$18.87,$18.21
04/01/2019,$18.30,1123445,$18.54,$18.8699,$18.145
03/29/2019,$18.35,1101028,$18.33,$18.45,$18.0066
03/28/2019,$18.09,988746,$17.78,$18.19,$17.70
03/27/2019,$17.76,1355127,$18.40,$18.45,$17.56
03/26/2019,$18.42,1109090,$18.27,$18.53,$18.16
03/25/2019,$18.07,1542899,$17.71,$18.20,$17.27
03/22/2019,$17.77,1559248,$18.96,$19.25,$17.77
03/21/2019,$19.07,1117469,$18.33,$19.19,$18.27
03/20/2019,$18.54,856250,$18.79,$19.00,$18.27
03/19/2019,$18.83,1162443,$18.94,$19.03,$18.54
03/18/2019,$18.88,1464303,$18.88,$19.4096,$18.53
03/15/2019,$18.62,2504759,$18.59,$19.00,$18.53
03/14/2019,$18.55,1506130,$19.25,$19.70,$18.41
03/13/2019,$19.30,1260291,$19.45,$19.68,$19.19
03/12/2019,$19.32,1284795,$19.11,$19.55,$18.90
03/11/2019,$19.06,1668084,$18.74,$19.15,$18.43
03/08/2019,$18.41,1415214,$17.89,$18.50,$17.58
03/07/2019,$18.13,1345816,$17.96,$18.53,$17.79
03/06/2019,$18.00,2725634,$19.64,$19.715,$17.80
03/05/2019,$19.64,1727807,$19.70,$20.17,$19.45
03/04/2019,$19.84,1845413,$20.36,$20.60,$19.20
03/01/2019,$20.18,1910731,$19.77,$20.25,$19.73
02/28/2019,$19.52,1560515,$19.73,$19.88,$19.13
02/27/2019,$19.70,1608507,$19.09,$19.80,$19.09
02/26/2019,$19.15,2052989,$19.00,$19.36,$18.90
02/25/2019,$19.12,1936361,$18.83,$19.26,$18.65
02/22/2019,$18.40,1349988,$18.00,$18.41,$17.92
02/21/2019,$18.02,1005826,$17.84,$18.10,$17.57
02/20/2019,$18.10,1404435,$18.25,$18.54,$17.66
02/19/2019,$18.13,1960544,$17.82,$18.2657,$17.57
02/15/2019,$17.92,1816346,$17.71,$17.93,$17.54
02/14/2019,$17.61,1463254,$17.16,$17.79,$17.05
02/13/2019,$17.28,2197151,$17.45,$17.77,$17.12
02/12/2019,$17.35,2769131,$17.03,$17.45,$16.57
02/11/2019,$16.92,3687089,$15.66,$17.00,$15.22
02/08/2019,$15.66,5604840,$12.76,$15.78,$12.72
02/07/2019,$13.30,1637841,$13.72,$13.875,$13.00
02/06/2019,$13.84,570276,$13.82,$13.99,$13.50
02/05/2019,$13.81,1110532,$14.38,$14.505,$13.7464
02/04/2019,$14.35,621480,$14.20,$14.4224,$14.03
02/01/2019,$14.30,2111670,$14.12,$14.34,$13.58
01/31/2019,$14.12,1382147,$13.64,$14.15,$13.40
01/30/2019,$13.62,1503222,$13.35,$13.63,$13.17
01/29/2019,$13.20,1106431,$13.18,$13.32,$13.01
01/28/2019,$13.18,1166746,$13.54,$13.75,$13.02
01/25/2019,$13.72,2468836,$13.10,$13.79,$12.99
01/24/2019,$13.05,1469086,$12.77,$13.15,$12.56
01/23/2019,$12.81,1476289,$13.18,$13.3221,$12.5101
01/22/2019,$13.10,2092757,$14.30,$14.30,$13.045
01/18/2019,$14.52,1529987,$14.62,$14.96,$14.10
01/17/2019,$14.63,956790,$14.43,$14.92,$14.24
01/16/2019,$14.51,954325,$14.76,$15.02,$14.50
01/15/2019,$14.66,1085931,$14.23,$14.66,$14.23
01/14/2019,$14.22,1359790,$14.56,$14.73,$14.02
01/11/2019,$14.87,1260344,$14.77,$15.2829,$14.63
01/10/2019,$15.00,1109011,$14.64,$15.04,$14.03
01/09/2019,$14.76,3072468,$14.60,$15.11,$14.4701
01/08/2019,$14.50,2059551,$14.23,$14.58,$13.75
01/07/2019,$14.11,1975290,$13.21,$14.29,$12.86
01/04/2019,$13.18,2659140,$12.23,$13.32,$11.85
01/03/2019,$12.05,2203169,$12.90,$13.05,$11.95
01/02/2019,$13.12,1890980,$12.16,$13.13,$11.67
12/31/2018,$12.42,1678439,$12.16,$12.565,$12.01
12/28/2018,$11.94,1600097,$11.97,$12.31,$11.74
12/27/2018,$11.97,1968671,$11.66,$12.24,$11.25
12/26/2018,$11.96,2537551,$10.90,$12.00,$10.78
12/24/2018,$10.74,1872566,$10.98,$11.13,$10.41
12/21/2018,$11.21,3491731,$12.91,$12.91,$11.14
12/20/2018,$12.87,2220268,$13.35,$13.70,$12.52
12/19/2018,$13.45,2129425,$13.71,$14.37,$13.26
12/18/2018,$13.73,1328978,$14.13,$14.16,$13.3547
12/17/2018,$13.96,1456847,$14.20,$14.68,$13.81
12/14/2018,$14.32,1272334,$14.69,$15.0583,$14.253
12/13/2018,$14.80,1815776,$15.19,$15.47,$14.36
12/12/2018,$15.19,2975201,$13.50,$15.35,$13.3327
12/11/2018,$13.62,1078993,$13.85,$14.00,$13.5784
12/10/2018,$13.66,1232781,$13.16,$13.80,$12.89
12/07/2018,$13.13,2106185,$13.52,$13.82,$13.11
12/06/2018,$13.63,1515625,$13.03,$13.73,$13.01
12/04/2018,$13.53,1755886,$14.90,$15.18,$13.48
12/03/2018,$15.09,1408776,$15.02,$15.13,$14.40
11/30/2018,$14.52,1083283,$14.50,$14.83,$14.3035
11/29/2018,$14.61,1021059,$14.64,$14.98,$14.14
11/28/2018,$14.80,1520345,$13.50,$14.86,$13.47
11/27/2018,$13.42,970444,$13.40,$13.87,$13.2219
11/26/2018,$13.50,1234165,$13.20,$13.52,$13.01
11/23/2018,$13.00,561147,$12.76,$13.38,$12.4049
11/21/2018,$12.95,1039564,$12.56,$13.10,$12.42
11/20/2018,$12.30,1755073,$11.73,$12.73,$11.5501
11/19/2018,$12.21,2020550,$13.32,$13.55,$12.16
11/16/2018,$13.39,1666880,$12.89,$13.54,$12.80
11/15/2018,$12.98,2010818,$11.89,$13.1597,$11.83
11/14/2018,$12.06,1652604,$12.62,$12.83,$11.84
11/13/2018,$12.47,1574566,$12.94,$13.2836,$12.35
11/12/2018,$12.83,1768885,$14.49,$14.49,$12.81
11/09/2018,$14.49,2035512,$15.22,$15.2892,$13.75
11/08/2018,$15.35,1804879,$16.09,$16.09,$14.94
11/07/2018,$16.01,2838923,$15.00,$16.07,$14.94
11/06/2018,$14.79,1629696,$14.40,$14.97,$14.32
11/05/2018,$14.48,1573131,$14.60,$14.85,$14.17
11/02/2018,$14.49,1460728,$14.36,$14.66,$14.02
11/01/2018,$14.22,2675341,$12.76,$14.23,$12.72
10/31/2018,$12.72,1613776,$12.73,$13.11,$12.51
10/30/2018,$12.46,1459893,$12.10,$12.5678,$12.05
10/29/2018,$12.25,2395933,$12.81,$12.99,$11.8893
10/26/2018,$12.66,1319502,$12.33,$12.89,$12.04
10/25/2018,$12.57,1805995,$12.01,$12.84,$12.00
10/24/2018,$11.98,2195403,$12.91,$12.9972,$11.98
10/23/2018,$12.96,1447771,$12.55,$13.29,$12.29
10/22/2018,$12.98,1438047,$13.08,$13.1599,$12.25
10/19/2018,$13.05,2191079,$13.53,$13.70,$12.81
10/18/2018,$13.35,1524389,$13.51,$13.60,$12.961
10/17/2018,$13.49,2065515,$13.53,$14.23,$13.30
10/16/2018,$13.87,2316835,$13.04,$14.00,$13.00
10/15/2018,$13.15,1883852,$12.91,$13.36,$12.7526
10/12/2018,$13.11,2407376,$13.15,$13.94,$12.51
10/11/2018,$12.88,3261876,$12.45,$13.44,$12.31
10/10/2018,$12.64,4326752,$13.61,$13.79,$12.5174
10/09/2018,$13.76,2835083,$13.50,$14.3221,$13.15
10/08/2018,$13.75,5623953,$14.71,$14.87,$12.8503
10/05/2018,$14.74,6033098,$15.69,$15.88,$14.22
10/04/2018,$15.33,19083570,$19.85,$20.31,$14.75
10/03/2018,$18.56,2057483,$19.70,$19.94,$17.84
10/02/2018,$19.70,2293214,$19.42,$19.74,$18.76
10/01/2018,$19.21,1270631,$19.17,$19.46,$18.82
09/28/2018,$19.17,1217880,$19.00,$19.43,$19.00
09/27/2018,$19.00,732124,$19.03,$19.4427,$18.78
09/26/2018,$19.11,741202,$19.37,$19.54,$19.04
09/25/2018,$19.37,1249728,$18.70,$19.45,$18.5301
09/24/2018,$18.70,1321978,$17.77,$18.79,$17.43
09/21/2018,$17.77,3070492,$18.88,$18.9114,$17.68
09/20/2018,$18.88,913416,$18.58,$18.88,$18.53
09/19/2018,$18.58,1220791,$18.80,$18.98,$18.13
09/18/2018,$18.84,960559,$18.16,$18.95,$18.05
09/17/2018,$18.21,1310026,$18.98,$18.99,$17.86
09/14/2018,$18.91,1511758,$18.84,$19.105,$18.35
09/13/2018,$18.33,1837955,$19.22,$19.57,$18.20
09/12/2018,$19.13,1252706,$19.86,$20.00,$18.94
09/11/2018,$19.82,2178251,$20.10,$21.18,$19.80
09/10/2018,$20.30,1809757,$19.89,$20.37,$19.32
09/07/2018,$19.74,4743258,$19.41,$20.50,$18.901
09/06/2018,$19.39,28630270,$18.00,$22.39,$18.00
09/05/2018,$14.10,3142664,$15.30,$15.30,$13.82
09/04/2018,$15.31,1494378,$14.60,$15.44,$14.23
08/31/2018,$14.76,1458326,$14.31,$14.81,$14.29
08/30/2018,$14.40,1060999,$14.59,$14.8046,$14.19
08/29/2018,$14.68,752180,$14.72,$14.83,$14.54
08/28/2018,$14.73,1007088,$14.79,$15.10,$14.67
08/27/2018,$14.74,1090822,$14.93,$15.04,$14.55
08/24/2018,$14.69,923637,$14.42,$14.78,$14.42
08/23/2018,$14.39,1221686,$14.44,$14.50,$14.05
08/22/2018,$14.39,1508262,$14.11,$14.44,$14.04
08/21/2018,$14.10,1258440,$14.11,$14.23,$13.80
08/20/2018,$14.17,1190600,$14.63,$14.78,$13.85
08/17/2018,$14.51,1790556,$14.44,$14.5724,$13.981
08/16/2018,$14.33,1928179,$14.85,$15.21,$13.95
08/15/2018,$14.75,2063683,$16.36,$16.6285,$14.74
08/14/2018,$16.35,1408928,$16.27,$16.99,$16.24
08/13/2018,$16.30,1355464,$16.96,$17.187,$16.02
08/10/2018,$16.89,1057230,$16.34,$17.00,$16.27
08/09/2018,$16.51,1234231,$16.04,$16.95,$15.75
08/08/2018,$16.12,1846176,$15.44,$16.20,$15.21
08/07/2018,$15.10,2154971,$14.29,$15.28,$14.05
08/06/2018,$14.24,1288083,$14.43,$14.49,$13.76
08/03/2018,$14.54,1005462,$15.27,$15.40,$14.30
08/02/2018,$15.32,865745,$14.98,$15.38,$14.71
08/01/2018,$15.14,1340923,$14.57,$15.16,$14.56
07/31/2018,$14.57,2345347,$14.20,$15.30,$14.10
07/30/2018,$14.00,7002195,$15.96,$16.215,$12.25
07/27/2018,$16.07,1502566,$17.50,$17.50,$16.01
07/26/2018,$17.44,1657725,$16.89,$17.50,$16.50
07/25/2018,$16.89,1450229,$16.64,$17.30,$16.61
07/24/2018,$16.60,2142050,$16.74,$17.50,$16.18
07/23/2018,$16.51,1490509,$16.08,$16.87,$15.6591
07/20/2018,$16.03,1409822,$16.29,$16.56,$15.78
